{"meses_activo": 0.4699820159142028, "total_transacciones": 0.2015399684033006, "avg_transacciones": 0.05131489971544016, "avg_boxes": 0.028585103619456462, "total_boxes": 0.07210339048972103, "trend_ratio": 0.17288695978464763, "tiene_cooler": 0.0, "avg_coolers": 0.002766431106630213, "territorio_encoded": 0.0008212309666011785}